{
  "NEED_ISLE": "{YELLOW}You must be part of an isle to do this!",
  "NEED_TO_BE_FREE": "{YELLOW}You can't do this if you're part of a isle!",
  "SUCCESSFULLY_CREATED_A_ISLE": "{GREEN}You successfully created a isle!",
  "TELEPORTED_TO_ISLE": "{GREEN}You've been teleported to your isle!",
  "CREATE_USAGE": "Usage: /is create [generator = Shelly]",
  "CREATE_DESCRIPTION": "Generates a new isle",
  "JOIN_USAGE": "Usage: /is join",
  "JOIN_DESCRIPTION": "Teleports you to your isle",
  "MUST_BE_LEADER": "{YELLOW}You must be a leader to do this!",
  "MUST_BE_FOUNDER": "{YELLOW}You must be the founder to do this!",
  "MUST_BE_OFFICER": "{YELLOW}You must be a officer to do this!",
  "LOCK_USAGE": "Usage: /is lock",
  "LOCK_DESCRIPTION": "Lock or unlock your isle. If your isle is locked, nobody other than the members will be able to visit it.",
  "ISLE_LOCKED": "{GREEN}You successfully locked your isle!",
  "ISLE_UNLOCKED": "{GREEN}You successfully unlocked your isle!",
  "CHAT_USAGE": "Usage: /is chat",
  "CHAT_DESCRIPTION": "Switch your chat room between the global chat and your isle's chat room",
  "JOINED_ISLE_CHAT": "{RED}> {WHITE}You joined your isle's chat room!",
  "JOINED_GLOBAL_CHAT": "{RED}> {WHITE}You joined global chat room!",
  "VISIT_USAGE": "Usage: /is visit <player>",
  "VISIT_DESCRIPTION": "Lets you visit an isle if it's not locked",
  "HE_DO_NOT_HAVE_AN_ISLE": "{name} {YELLOW}doesn't have an isle!",
  "VISITING_ISLE": "{GREEN}You're visiting {WHITE}{name}{GREEN}'s isle!",
  "HIS_ISLE_IS_LOCKED": "{name}{YELLOW}'s isle is locked! :(",
  "LEAVE_USAGE": "Usage: /is leave",
  "LEAVE_DESCRIPTION": "Leave your current isle",
  "FOUNDER_CANNOT_LEAVE": "{YELLOW}The founder can't leave the isle!\n{YELLOW}If you want to leave your isle, {RED}you'll have to disband it",
  "LEFT_ISLE": "{GREEN}You successfully left your isle!",
  "MEMBERS_COMMAND_HEADER": "{RED}__{WHITE}Members ({amount}){RED}__",
  "ONLINE_MEMBER": "{BOLD}{GREEN}ONLINE{RESET} {WHITE}{name}",
  "OFFLINE_MEMBER": "{BOLD}{RED}OFFLINE{RESET} {WHITE}{name}",
  "MEMBERS_USAGE": "Usage: /is members",
  "MEMBERS_DESCRIPTION": "Show all the members of a isle",
  "NOT_ONLINE_PLAYER": "{name} {YELLOW}is not an online player!",
  "CANT_BE_YOURSELF": "{YELLOW}You can't do this to yourself!",
  "CANNOT_INVITE_BECAUSE_HAS_ISLE": "{YELLOW}Cannot invite {WHITE}{name} {YELLOW}because he is already part of an isle!",
  "YOU_WERE_INVITED_TO_AN_ISLE": "{RED}> {BOLD}{WHITE}You were invited to {GREEN}{name}'s {WHITE}isle!\n{GRAY}* Type {WHITE}/is accept {name} {GRAY}to accept it",
  "SUCCESSFULLY_INVITED": "{GREEN}You successfully invited {WHITE}{name} {GREEN}to your isle!",
  "INVITE_USAGE": "Usage: /is invite <player>",
  "INVITE_DESCRIPTION": "Invites a player to your isle",
  "PLAYER_JOINED_THE_ISLE": "{RED}{BOLD}> {WHITE}{name} {GREEN}joined the isle!",
  "ACCEPT_USAGE": "Usage: /is accept [invitation=last invitation]",
  "ACCEPT_DESCRIPTION": "Accepts an invitation to join an isle",
  "DENY_USAGE": "Usage: /is accept [invitation=last invitation]",
  "DENY_DESCRIPTION": "Denies an invitation to join an isle",
  "NOT_VALID_GENERATOR": "{WHITE}{name} {YELLOW}is not a valid isle generator!",
  "ISLE_DISBANDED": "{YELLOW}{BOLD}Your isle was disbanded!",
  "DISBAND_DESCRIPTION": "Removes your isle",
  "DISBAND_USAGE": "Usage: /is disband",
  "KICK_USAGE": "Usage: /is kick <player>",
  "KICK_DESCRIPTION": "Kicks a player from your isle",
  "KICKED_FROM_THE_ISLE": "{YELLOW}You've been kicked from the isle!",
  "YOU_KICKED_A_PLAYER": "{GREEN}You successfully kicked {WHITE}{name} {GREEN}from your isle",
  "CANNOT_KICK_A_MEMBER": "{YELLOW}You cannot kick a member of your isle!",
  "NOT_A_VISITOR": "{WHITE}{name} {GREEN}is not in your isle right now!",
  "FIRE_USAGE": "Usage: /is fire <player>",
  "FIRE_DESCRIPTION": "Fires a member from your isle!",
  "MUST_BE_PART_OF_YOUR_ISLE": "{WHITE}{name} {YELLOW}must be part of your isle to do this!",
  "CANNOT_FIRE_FOUNDER": "{YELLOW}You cannot fire the founder of the isle!",
  "SUCCESSFULLY_FIRED": "{GREEN}You successfully fired {WHITE}{name}{GREEN}!",
  "YOU_HAVE_BEEN_FIRED": "{YELLOW}You have been fired from your isle!",
  "PROMOTE_USAGE": "Usage: /is promote <player>",
  "PROMOTE_DESCRIPTION": "Promotes a player to a higher rank",
  "YOU_HAVE_BEEN_PROMOTED": "{GREEN}You have been promoted!",
  "CANNOT_PROMOTE_LEADER": "{WHITE}{name} {YELLOW}already has the highest rank!",
  "OFFICER": "officer",
  "LEADER": "leader",
  "MEMBER": "member",
  "SUCCESSFULLY_PROMOTED_PLAYER": "{WHITE}{name} {GREEN}was promoted to {WHITE}{to}",
  "DEMOTE_USAGE": "Usage: /is demote <player>",
  "DEMOTE_DESCRIPTION": "Demotes a player to a lower rank",
  "CANNOT_DEMOTE_MEMBER": "{WHITE}{name} {YELLOW}already has the lowest rank!",
  "CANNOT_DEMOTE_FOUNDER": "{YELLOW}You cannot demote the founder of the isle!",
  "YOU_HAVE_BEEN_DEMOTED": "{YELLOW}You have been demoted!",
  "SUCCESSFULLY_DEMOTED_PLAYER": "{WHITE}{name} {GREEN}was demoted to {WHITE}{to}",
  "SET_SPAWN_USAGE": "Usage: /is setspawn",
  "SET_SPAWN_DESCRIPTION": "Sets isle spawn",
  "MUST_BE_IN_YOUR_ISLE": "{YELLOW}You must be on your isle to do this!",
  "SUCCESSFULLY_SET_SPAWN": "{GREEN}You successfully updated your isle spawn!",
  "TRANSFER_USAGE": "Usage: /is transfer <player>",
  "TRANSFER_DESCRIPTION": "Transfers your isle to other player",
  "RANK_TRANSFERRED": "{GREEN}You successfully transferred your rank to {WHITE}{name}.\n{GREEN}You've been demoted to member",
  "GOT_RANK_TRANSFERRED": "{BOLD}{WHITE}{name} {GREEN}transferred the ownership of your isle!",
  "PLAYER_INVITATION_DENIED": "{WHITE}{name} {YELLOW}denied the invitation to join the isle",
  "ISLE_CATEGORY": "{GREEN}Your isle has been categorized as {WHITE}{category}.\n{GREEN}Make it bigger to improve your category!",
  "ISLE_IS_FULL_BUT_YOU_CAN_UPGRADE": "{YELLOW}You can't invite nobody else to your isle because it's full!\n{GRAY}* You can get more slots increasing your isle size to {WHITE}{next}",
  "ISLE_IS_FULL": "{YELLOW}You can't invite nobody else to your isle because it's full!",
  "ISLE_BLOCKS": "{GREEN}Your isle's team has placed {WHITE}{amount} {GREEN}blocks",
  "BLOCKS_USAGE": "Usage: /is blocks",
  "BLOCKS_DESCRIPTION": "Shows the amount of blocks built by your isle's team",
  "CATEGORY_USAGE": "Usage: /is category",
  "CATEGORY_DESCRIPTION": "Shows your isle's category",
  "INVITATION_REFUSED": "{GREEN}You refused an invitation!",
  "ALREADY_ON_YOUR_ISLE": "{YELLOW}{name} is already a member of your isle!",
  "ALREADY_A_COOPERATOR": "{YELLOW}{name} is already a cooperator!",
  "ADDED_A_COOPERATOR": "{WHITE}{name} {GREEN}now can cooperate with you on your isle",
  "NOW_YOU_CAN_COOPERATE": "{WHITE}{name} {GREEN}gave you permission to cooperate in his island!",
  "REMOVED_A_COOPERATOR": "{WHITE}{name} {GREEN}is no longer a cooperator!",
  "NOW_YOU_CANNOT_COOPERATE": "{WHITE}{name} {GREEN}revoked you the permission to cooperate in his island!",
  "COOPERATE_DESCRIPTION": "Allows another player to interact with your isle"
}